               epoch,      train/box_loss,      train/obj_loss,      train/cls_loss,   metrics/precision,      metrics/recall,     metrics/mAP_0.5,metrics/mAP_0.5:0.95,        val/box_loss,        val/obj_loss,        val/cls_loss,               x/lr0,               x/lr1,               x/lr2
                   0,            0.088841,            0.032344,            0.064797,            0.062136,             0.22957,             0.05852,            0.022656,            0.072993,             0.02513,            0.055364,            0.070469,           0.0032813,           0.0032813
                   1,            0.063074,            0.024114,            0.051097,             0.19525,             0.26587,              0.1537,            0.068812,            0.064432,            0.018442,            0.042925,            0.040338,           0.0064836,           0.0064836
                   2,            0.057343,              0.0207,            0.041408,              0.7095,             0.24226,             0.25726,             0.12167,            0.052702,            0.017834,            0.034592,            0.010075,            0.009554,            0.009554
                   3,            0.049257,            0.019105,            0.035216,             0.50718,             0.43556,             0.41473,             0.23566,            0.042051,            0.016572,            0.030223,            0.009406,            0.009406,            0.009406
                   4,            0.044344,            0.018287,             0.03099,             0.53827,             0.51415,             0.50523,             0.29276,            0.040438,            0.015775,            0.027375,            0.009406,            0.009406,            0.009406
                   5,            0.041586,            0.017928,            0.027851,             0.54269,             0.59171,             0.57442,             0.35078,            0.037821,            0.016249,            0.023792,            0.009208,            0.009208,            0.009208
                   6,            0.039498,            0.017385,            0.024493,             0.67428,             0.57575,             0.63779,             0.42671,            0.034233,             0.01548,            0.021786,             0.00901,             0.00901,             0.00901
                   7,            0.038072,            0.017234,            0.022421,             0.73863,             0.62679,             0.68823,             0.46236,            0.033437,            0.014718,            0.018991,            0.008812,            0.008812,            0.008812
                   8,            0.036679,            0.016972,            0.020397,             0.72388,             0.65057,             0.70483,             0.47493,            0.032989,            0.014677,            0.019087,            0.008614,            0.008614,            0.008614
                   9,            0.035774,            0.016636,             0.01899,             0.68695,             0.70001,             0.70902,             0.47662,            0.032901,            0.014615,            0.019166,            0.008416,            0.008416,            0.008416
                  10,            0.035314,            0.016748,            0.018762,              0.7507,             0.70438,             0.75291,             0.53391,            0.030398,            0.014153,            0.016612,            0.008218,            0.008218,            0.008218
                  11,            0.033629,            0.016273,            0.017281,             0.78783,             0.70852,             0.75547,             0.52465,            0.031124,            0.014417,            0.015792,             0.00802,             0.00802,             0.00802
                  12,            0.034163,            0.016165,             0.01648,              0.7451,             0.72122,             0.75111,              0.5326,            0.029686,            0.013952,              0.0171,            0.007822,            0.007822,            0.007822
                  13,            0.033237,            0.015829,            0.016416,             0.79988,             0.75413,              0.7862,             0.56766,            0.029256,            0.013784,            0.014203,            0.007624,            0.007624,            0.007624
                  14,            0.032459,            0.016014,             0.01524,             0.78807,             0.76222,              0.7925,             0.57605,            0.027808,            0.013372,            0.013438,            0.007426,            0.007426,            0.007426
                  15,            0.032256,            0.015882,            0.014428,             0.78675,             0.74877,             0.79108,             0.58157,            0.028287,            0.013653,             0.01346,            0.007228,            0.007228,            0.007228
                  16,             0.03168,            0.015712,            0.014309,             0.83155,             0.75754,             0.80531,             0.60204,            0.027508,            0.013214,            0.012862,             0.00703,             0.00703,             0.00703
                  17,            0.031002,            0.015291,            0.014052,             0.80446,             0.77489,             0.80644,              0.6037,            0.027498,            0.013224,            0.012354,            0.006832,            0.006832,            0.006832
                  18,            0.030637,            0.015315,            0.013661,             0.80436,             0.77555,             0.80719,             0.60549,            0.027308,             0.01307,            0.012649,            0.006634,            0.006634,            0.006634
                  19,            0.030591,            0.015018,             0.01349,             0.81063,             0.76966,             0.80095,             0.59369,            0.027568,            0.013365,            0.012589,            0.006436,            0.006436,            0.006436
                  20,            0.030339,            0.015444,            0.013589,             0.82336,             0.75665,              0.8053,              0.6071,            0.027006,            0.013158,            0.012668,            0.006238,            0.006238,            0.006238
                  21,            0.029364,            0.014654,             0.01271,             0.81643,             0.76776,             0.82142,             0.62385,            0.026274,            0.012829,            0.012132,             0.00604,             0.00604,             0.00604
                  22,             0.02934,            0.014815,            0.012395,              0.8272,             0.77012,             0.82415,              0.6176,             0.02598,            0.012727,            0.011335,            0.005842,            0.005842,            0.005842
                  23,            0.028891,            0.014396,            0.011984,              0.8464,             0.76277,             0.82534,             0.63665,            0.025599,            0.012566,            0.011242,            0.005644,            0.005644,            0.005644
                  24,            0.028659,            0.014526,            0.011861,             0.83221,             0.79754,             0.83188,             0.64586,            0.025131,            0.012366,            0.010691,            0.005446,            0.005446,            0.005446
                  25,            0.027945,            0.014545,            0.011409,             0.81732,             0.80273,             0.83982,             0.65079,            0.025181,            0.012669,            0.010961,            0.005248,            0.005248,            0.005248
                  26,            0.027824,            0.014109,            0.011023,             0.86268,             0.76987,              0.8456,             0.64728,            0.025186,            0.012387,             0.01081,             0.00505,             0.00505,             0.00505
                  27,            0.027693,            0.014272,            0.011204,             0.85208,             0.78633,              0.8513,             0.66414,             0.02471,            0.012202,            0.010418,            0.004852,            0.004852,            0.004852
                  28,            0.027395,            0.013969,            0.011086,              0.8683,             0.78746,             0.85656,             0.66809,            0.024871,              0.0123,            0.010136,            0.004654,            0.004654,            0.004654
                  29,            0.027346,            0.013958,            0.010652,             0.88743,             0.78641,             0.86758,             0.67886,            0.024428,            0.012063,           0.0098874,            0.004456,            0.004456,            0.004456
                  30,            0.026736,            0.013927,            0.010419,             0.86238,             0.78345,             0.84768,             0.66353,            0.024523,            0.012168,            0.010607,            0.004258,            0.004258,            0.004258
                  31,            0.026442,            0.013654,           0.0097884,             0.87469,             0.79174,             0.87057,             0.68473,            0.024104,            0.011925,           0.0095031,             0.00406,             0.00406,             0.00406
                  32,             0.02646,            0.013794,           0.0098817,             0.89064,             0.80989,              0.8785,              0.6938,            0.023982,            0.011957,           0.0087827,            0.003862,            0.003862,            0.003862
                  33,            0.026018,            0.013575,           0.0096083,             0.89847,             0.81321,             0.87716,              0.6955,            0.023761,            0.011874,           0.0090164,            0.003664,            0.003664,            0.003664
                  34,            0.025946,            0.013429,           0.0096163,             0.86818,             0.80592,             0.86844,             0.69161,            0.023647,            0.011814,           0.0095027,            0.003466,            0.003466,            0.003466
                  35,            0.025331,            0.013279,            0.009309,             0.91356,             0.80911,             0.88264,             0.70791,            0.023421,            0.011835,            0.008871,            0.003268,            0.003268,            0.003268
                  36,            0.025163,            0.013464,           0.0089293,             0.90601,             0.81098,              0.8848,             0.70785,            0.023304,            0.011765,           0.0089086,             0.00307,             0.00307,             0.00307
                  37,            0.025096,            0.013341,           0.0085217,             0.92289,             0.80562,             0.88837,             0.71462,            0.023121,            0.011585,           0.0085714,            0.002872,            0.002872,            0.002872
                  38,            0.024618,            0.013002,           0.0085169,             0.88956,             0.82444,             0.88325,             0.71563,            0.023047,             0.01156,           0.0085828,            0.002674,            0.002674,            0.002674
                  39,            0.024482,            0.013141,            0.008425,             0.90528,             0.81565,              0.8864,             0.71407,            0.023064,            0.011673,           0.0083448,            0.002476,            0.002476,            0.002476
                  40,            0.024408,             0.01284,           0.0082122,             0.90146,              0.8202,             0.88733,             0.71769,            0.022724,            0.011547,           0.0085314,            0.002278,            0.002278,            0.002278
                  41,            0.024124,            0.012877,           0.0080304,             0.90945,             0.82322,             0.89758,             0.72418,            0.022721,            0.011473,           0.0081259,             0.00208,             0.00208,             0.00208
                  42,            0.024048,            0.012877,           0.0080672,             0.91028,             0.82121,             0.89289,             0.72473,            0.022417,            0.011337,           0.0079897,            0.001882,            0.001882,            0.001882
                  43,            0.023669,            0.012747,           0.0075707,             0.90537,             0.83409,              0.8976,             0.72895,            0.022432,            0.011357,           0.0077786,            0.001684,            0.001684,            0.001684
                  44,            0.023632,            0.012468,           0.0074352,              0.9118,             0.83181,             0.89861,             0.73104,            0.022398,             0.01139,           0.0077068,            0.001486,            0.001486,            0.001486
                  45,            0.023343,            0.012456,           0.0073415,             0.89387,             0.82712,             0.89083,             0.72931,             0.02236,            0.011359,           0.0080569,            0.001288,            0.001288,            0.001288
                  46,            0.022965,            0.012124,           0.0071709,             0.89014,             0.83451,             0.89512,             0.73341,            0.022023,            0.011246,           0.0077862,             0.00109,             0.00109,             0.00109
                  47,            0.022811,            0.012393,           0.0071065,             0.90791,             0.83253,             0.89898,             0.73871,            0.022052,             0.01125,           0.0075223,            0.000892,            0.000892,            0.000892
                  48,            0.023124,            0.012394,           0.0073381,             0.90902,             0.83387,             0.89847,             0.73796,            0.021914,            0.011155,           0.0076575,            0.000694,            0.000694,            0.000694
                  49,            0.022534,            0.011978,           0.0071606,             0.91876,             0.83208,             0.89984,             0.74349,            0.021811,             0.01115,           0.0074146,            0.000496,            0.000496,            0.000496
